col1,col2,pearson,kendall,spearman
Total Revenue,Unit Price,0.9303496763917527,0.7693629571826144,0.9207415891926763
Unit Price,Units Sold,-0.30858262327014113,-0.3772717072054975,-0.49619086834746984
Units Sold,Transaction ID,-0.1899440781413726,-0.12730567571341747,-0.17047443846430457
Total Revenue,Transaction ID,-0.17562150970129137,-0.12245486132322923,-0.17993697624077032
Total Revenue,Units Sold,-0.17115066270311025,-0.10204360843133824,-0.1403359901535105
Unit Price,Transaction ID,-0.07186258684744527,-0.06969182396660943,-0.10042175328042072
